{"cameraMode":{"drawMode":0,"name":"Shaded","section":"Shading Mode"},"sceneLighting":false,"audioPlay":false,"sceneViewState":{"m_AlwaysRefresh":false,"showFog":true,"showSkybox":false,"showFlares":true,"showImageEffects":true,"showParticleSystems":true,"showVisualEffectGraphs":true,"m_FxEnabled":true},"in2DMode":false,"pivot":{"x":-0.0000019073486328125,"y":3.4999985694885256,"z":0.4299144744873047},"rotation":{"x":-0.3595329523086548,"y":-0.054262205958366397,"z":0.020969249308109285,"w":-0.9313517212867737},"size":6.959515571594238,"orthographic":false}