{"cameraMode":{"drawMode":0,"name":"Shaded","section":"Shading Mode"},"sceneLighting":false,"audioPlay":false,"sceneViewState":{"m_AlwaysRefresh":false,"showFog":true,"showSkybox":false,"showFlares":true,"showImageEffects":true,"showParticleSystems":true,"showVisualEffectGraphs":true,"m_FxEnabled":true},"in2DMode":false,"pivot":{"x":-0.16554170846939088,"y":0.8206057548522949,"z":-0.0997229516506195},"rotation":{"x":-0.3595329523086548,"y":-0.054262205958366397,"z":0.020969249308109285,"w":-0.9313517212867737},"size":1.4079318046569825,"orthographic":false}