{"cameraMode":{"drawMode":0,"name":"Shaded","section":"Shading Mode"},"sceneLighting":false,"audioPlay":false,"sceneViewState":{"m_AlwaysRefresh":false,"showFog":true,"showSkybox":false,"showFlares":true,"showImageEffects":true,"showParticleSystems":true,"showVisualEffectGraphs":true,"m_FxEnabled":true},"in2DMode":false,"pivot":{"x":-1.2089707851409913,"y":1.3069287538528443,"z":1.2602710723876954},"rotation":{"x":0.0005593584501184523,"y":0.9240188002586365,"z":-0.38242825865745547,"w":0.0013916544849053026},"size":2.2268130779266359,"orthographic":false}