{"cameraMode":{"drawMode":0,"name":"Shaded","section":"Shading Mode"},"sceneLighting":true,"audioPlay":false,"sceneViewState":{"m_AlwaysRefresh":false,"showFog":true,"showSkybox":true,"showFlares":true,"showImageEffects":true,"showParticleSystems":true,"showVisualEffectGraphs":true,"m_FxEnabled":true},"in2DMode":false,"pivot":{"x":-14.692466735839844,"y":1.7457530498504639,"z":-4.852885723114014},"rotation":{"x":-0.04912836104631424,"y":0.44105175137519839,"z":-0.02447293885052204,"w":-0.8959177732467651},"size":1.4888213872909547,"orthographic":false}